{
	"format_version": "1.8.0",
	"animations": {
		"animation.redstone_golem.attack": {
			"animation_length": 0.7083,
			"bones": {
				"left_arm": {
					"rotation": {
						"0.0": [0, 0, 0],
						"0.2083": [-137.5, 0, 0],
						"0.2917": [-137.5, 0, 0],
						"0.5833": [0, 0, 0]
					}
				},
				"right_arm": {
					"relative_to": {
						"rotation": "entity"
					},
					"rotation": {
						"0.0": [0, 0, 0.01],
						"0.2083": [-137.5, 0, 0],
						"0.2917": [-137.5, 0, 0],
						"0.5833": [0, 0, 0.01]
					}
				}
			}
		},
		"animation.redstone_golem.walk": {
			"loop": true,
			"animation_length": 0.6667,
			"bones": {
				"left_leg": {
					"position": {
						"0.0": [0, 0, -2],
						"0.3333": [0, 0, 2],
						"0.5": [0, 4, 0],
						"0.6667": [0, 0, -2]
					}
				},
				"right_leg": {
					"position": {
						"0.0": [0, 0, 2],
						"0.1667": [0, 4, 0],
						"0.3333": [0, 0, -2],
						"0.6667": [0, 0, 2]
					}
				}
			}
		},
		"animation.redstone_golem.death": {
			"loop": "hold_on_last_frame",
			"animation_length": 1.25,
			"bones": {
				"body": {
					"rotation": {
						"0.0": [0, 0, 0],
						"0.5833": [20, 0, 0],
						"0.75": [20, 0, 0],
						"1.2083": [87.5, 0, 0]
					},
					"position": {
						"0.0": [0, 0, 0],
						"0.375": [0, -20, -16],
						"0.625": [0, -20, -18],
						"0.75": [0, -20, -16],
						"1.125": [0, -32, -35]
					}
				},
				"left_arm": {
					"rotation": {
						"0.0": [0, 0, 0],
						"0.6667": [0, 0, 0],
						"1.2083": [87.33978, 19.98015, -0.90956]
					},
					"position": {
						"0.0": [0, 0, 0],
						"0.5": [0, -17, -22],
						"0.5417": [0, -16, -22],
						"0.6667": [0, -17, -22],
						"0.7917": [0, -23.12, -27.09],
						"1.2083": [0, -45, -42]
					}
				},
				"right_arm": {
					"rotation": {
						"0.875": [0, 0, 0],
						"1.25": [87.24194, -24.97457, 1.16524]
					},
					"position": {
						"0.0": [0, 0, 0],
						"0.5": [0, -17, -23],
						"0.5833": [0, -15, -22.89],
						"0.875": [0, -17, -22],
						"1.25": [0, -45, -42]
					}
				},
				"left_leg": {
					"rotation": {
						"0.0": [0, 0, 0],
						"0.4167": [87.5, 0, 0],
						"1.2083": [87.49046, 4.99523, -0.21865]
					}
				},
				"right_leg": {
					"rotation": {
						"0.0": [0, 0, 0],
						"0.2917": [90, 0, 0],
						"1.2083": [90, -5, 0]
					}
				},
				"head": {
					"rotation": {
						"0.0": [0, 0, 0],
						"0.5833": [27.5, 0, 0],
						"0.7917": [27.5, 0, 0],
						"1.125": [85, 0, 0]
					},
					"position": {
						"0.0": [0, 0, 0],
						"0.5417": [0, -29, -13],
						"0.7917": [0, -27, -13],
						"1.0833": [0, -42, -18],
						"1.2083": [0, -47, -17]
					}
				}
			}
		},
		"animation.redstone_golem.idle": {
			"loop": true,
			"animation_length": 3,
			"bones": {
				"body": {
					"scale": {
						"0.0": [1, 1, 1],
						"1.5": [1, 1.05, 1.05],
						"3.0": [1, 1, 1]
					}
				},
				"head": {
					"position": {
						"0.0": {
							"post": [0, 0, 0],
							"lerp_mode": "catmullrom"
						},
						"1.5": {
							"post": [0, 1, 0],
							"lerp_mode": "catmullrom"
						},
						"3.0": {
							"post": [0, 0, 0],
							"lerp_mode": "catmullrom"
						}
					},
					"scale": 1
				}
			}
		},
		"animation.redstone_golem.funny": {
			"loop": "hold_on_last_frame",
			"animation_length": 10,
			"bones": {
				"body": {
					"rotation": [0, 0, 0],
					"position": {
						"0.0": [0, 0, 0],
						"2.0": [0, 8, 0],
						"10.0": [0, 601.57, 0]
					},
					"scale": {
						"0.0": [1, 1, 1],
						"2.0": [1.9, 1.5, 1.5],
						"10.0": [5.1519, 7.2733, 9.1733]
					}
				},
				"left_arm": {
					"rotation": [0, 0, 0],
					"position": {
						"0.0": [0, 0, 0],
						"2.0": [17, 14, 0],
						"10.0": [81, 749, 0]
					},
					"scale": {
						"0.0": [1, 1, 1],
						"10.0": [2.4, 8, 1]
					}
				},
				"right_arm": {
					"rotation": [0, 0, 0],
					"position": {
						"0.0": [0, 0, 0],
						"2.0": [-17, 13, 0],
						"10.0": [-87.09, 724.31, 0]
					},
					"scale": {
						"0.0": [1, 1, 1],
						"10.0": [2.8, 6.1, 3.4]
					}
				},
				"left_leg": {
					"rotation": [0, 0, 0],
					"position": {
						"0.0": [0, 0, 0],
						"2.0": [9, 0, 0],
						"10.0": [500, 0, 0]
					},
					"scale": {
						"0.0": [1, 1, 1],
						"10.0": [71, 78.6, 85]
					}
				},
				"right_leg": {
					"rotation": [0, 0, 0],
					"position": {
						"0.0": [0, 0, 0],
						"2.0": [-5, 0, 0],
						"10.0": [-349, 0, 0]
					},
					"scale": {
						"0.0": [1, 1, 1],
						"10.0": [155.9, 88.6, 258.5]
					}
				},
				"head": {
					"rotation": [0, 0, 0],
					"position": {
						"0.0": [0, 0, 0],
						"2.0": [0, 9, 0],
						"10.0": [0, 625.52, -83]
					},
					"scale": 1
				}
			}
		}
	}
}
